["mail.www.mail.ssbshoes.com", "mail.stj.ssbshoes.com", "mail.shc.ssbshoes.com", "mail.tsh.ssbshoes.com", "autodiscover.sp.ssbshoes.com", "mail.autodiscover.sp.ssbshoes.com", "autodiscover.sft.ssbshoes.com", "mail.autodiscover.sft.ssbshoes.com", "autodiscover.cb.ssbshoes.com", "mail.autodiscover.cb.ssbshoes.com", "mail.spc.ssbshoes.com", "autodiscover.ssbshoes.com", "mail.autodiscover.ssbshoes.com", "mail.sft.ssbshoes.com", "mail.ssbshoes.com", "autodiscover.tsh.ssbshoes.com", "mail.autodiscover.tsh.ssbshoes.com", "mail.cb.ssbshoes.com", "mail.sp.ssbshoes.com", "mail.st.ssbshoes.com", "autodiscover.sht.ssbshoes.com", "mail.autodiscover.sht.ssbshoes.com", "shy.ssbshoes.com", "mail.shy.ssbshoes.com", "mail.sht.ssbshoes.com", "mail.thammyxuanhuong.com", "thammyxuanhuong.com", "mail.thammyxuanhuong.com", "mail.vnpt.vn", "static.vnpt.vn", "mail.static.vnpt.vn", "mail.superdata.vn", "mail.daihanoi.vn", "mx1282.superdata.vn", "mail.mx1282.superdata.vn", "autodiscover.daihanoi.vn", "mail.autodiscover.daihanoi.vn", "hntvmail2022.daihanoi.vn", "mail.hntvmail2022.daihanoi.vn", "mail.daihanoi.vn", "mail.donglam.com.vn", "donglam.com.vn", "mail.donglam.com.vn", "mail.donglam.com.vn", "mail.baovewebsite.com", "mail.baovewebsite.com", "mail.vetc.com.vn", "vetc.com.vn", "mail.vetc.com.vn", "mail.vitalworld.vn", "mail.yensaothienviet.vn", "mail.kidsnest.com.vn", "mail.justnest.vn", "mail.vitalworld.vn", "mail.yensaothienviet.vn", "autodiscover.yensaothienviet.vn", "mail.autodiscover.yensaothienviet.vn", "mail.kidsnest.com.vn", "mail.justnest.vn", "mail.thakralvn.com", "autodiscover.thakralvn.com", "mail.autodiscover.thakralvn.com", "mail.thakralvn.com", "webpanel.thakralvn.com", "mail.webpanel.thakralvn.com", "mail.f-techcayman.com", "f-techcayman.com", "mail.f-techcayman.com", "AutoDiscover.f-techcayman.com", "mail.AutoDiscover.f-techcayman.com", "srv-mbf-tech.f-techcayman.com", "mail.srv-mbf-tech.f-techcayman.com", "mail.f-techcayman.com", "mail.bmt-tech.vn", "mail.bmt-tech.vn", "mail.tci.com.vn", "mail.tci.com.vn", "mail.ansinh.com.vn", "mail.ansinh.com.vn", "new.ansinh.com.vn", "mail.new.ansinh.com.vn", "mail.linhsan.vn", "mail.linhsan.vn", "www.mail.linhsan.vn", "mail.www.mail.linhsan.vn", "mail.mekong-energy.com", "mail.vnpt.vn", "ex2k13-2.mekong-energy.com", "mail.ex2k13-2.mekong-energy.com", "autodiscover.mekong-energy.com", "mail.autodiscover.mekong-energy.com", "static.vnpt.vn", "mail.static.vnpt.vn", "mail.mekong-energy.com", "ex2k13.mekong-energy.com", "mail.ex2k13.mekong-energy.com", "mail.schannel.ml", "WIN-2.schannel.ml", "mail.WIN-2.schannel.ml", "mail.dongtayland.vn", "owa.dongtayland.vn", "mail.owa.dongtayland.vn", "www.owa.dongtayland.vn", "mail.www.owa.dongtayland.vn", "mail.dongtayland.vn", "autodiscover.dongtayland.vn", "mail.autodiscover.dongtayland.vn", "www.mail.dongtayland.vn", "mail.www.mail.dongtayland.vn", "www.autodiscover.dongtayland.vn", "mail.www.autodiscover.dongtayland.vn", "mail.drbworld.com", "mail.vnpt.vn", "drbworld.com", "mail.drbworld.com", "static.vnpt.vn", "mail.static.vnpt.vn", "mail.pvcombank.com.vn", "autodiscover.pvcombank.com.vn", "mail.autodiscover.pvcombank.com.vn", "mail.pvcombank.com.vn", "owa.pvcombank.com.vn", "mail.owa.pvcombank.com.vn", "pvcombank.com.vn", "mail.pvcombank.com.vn", "ibanking.pvcombank.com.vn", "mail.ibanking.pvcombank.com.vn", "www.pvcombank.com.vn", "mail.www.pvcombank.com.vn", "mail.dcs.vn", "vinhlong.dcs.vn", "mail.vinhlong.dcs.vn", "mail.vinhlong.dcs.vn", "mail.vnpt-technology.vn", "vnpt-technology.vn", "mail.vnpt-technology.vn", "mail.vnpt-technology.vn", "mail.tljoc.com.vn", "tljoc.com.vn", "mail.tljoc.com.vn", "mail.tljoc.com.vn", "mail.hanvietgold.vn", "MX.hanvietgold.vn", "mail.MX.hanvietgold.vn", "mail.hte.vn", "owa.hte.vn", "mail.owa.hte.vn", "autodiscover.hte.vn", "mail.autodiscover.hte.vn", "www.hte.vn", "mail.www.hte.vn", "hte.vn", "mail.hte.vn", "mail.hte.vn", "mail.als.com.vn", "als.com.vn", "mail.als.com.vn", "mx3.als.com.vn", "mail.mx3.als.com.vn", "mail.ssdesign.com.vn", "mail.hawee.com.vn", "autodiscover.ssdesign.com.vn", "mail.autodiscover.ssdesign.com.vn", "autodiscover.hawee.com.vn", "mail.autodiscover.hawee.com.vn", "mail.ssdesign.com.vn", "mail.hawee.com.vn", "www.mail.hawee.com.vn", "mail.www.mail.hawee.com.vn", "mail.swpoc.vn", "mail.swpoc.vn", "autodiscover.swpoc.vn", "mail.autodiscover.swpoc.vn", "www.swpoc.vn", "mail.www.swpoc.vn", "owa.swpoc.vn", "mail.owa.swpoc.vn", "gateway.swpoc.vn", "mail.gateway.swpoc.vn", "swpoc.vn", "mail.swpoc.vn", "mail.nhandan.org.vn", "mail.nhandan.vn", "mail.nhandan.org.vn", "nhandan.vn", "mail.nhandan.vn", "mail.icore.com.vn", "www.mail7.icore.com.vn", "mail.www.mail7.icore.com.vn", "mail7.icore.com.vn", "mail.thainhat.com", "autodiscover.m.thainhat.com", "mail.autodiscover.m.thainhat.com", "m.thainhat.com", "mail.m.thainhat.com", "ex.m.thainhat.com", "mail.ex.m.thainhat.com", "mail.thepmiennam.com.vn", "mail.vnpt.vn", "thepmiennam.com.vn", "mail.thepmiennam.com.vn", "static.vnpt.vn", "mail.static.vnpt.vn", "www.thepmiennam.com.vn", "mail.www.thepmiennam.com.vn", "mail.arcadyan.com.tw", "mail.arcadyan.com.vn", "mail.arcadyan.com", "mail.arcadyan.com.cn", "mail.vnpt.vn", "autodiscover.arcadyan.com.tw", "mail.autodiscover.arcadyan.com.tw", "autodiscover.arcadyan.com.vn", "mail.autodiscover.arcadyan.com.vn", "smtphb.arcadyan.com", "mail.smtphb.arcadyan.com", "autodiscover.arcadyan.com.cn", "mail.autodiscover.arcadyan.com.cn", "owa.arcadyan.com.vn", "mail.owa.arcadyan.com.vn", "autodiscover.arcadyan.com", "mail.autodiscover.arcadyan.com", "owa.arcadyan.com.tw", "mail.owa.arcadyan.com.tw", "owa.arcadyan.com.cn", "mail.owa.arcadyan.com.cn", "static.vnpt.vn", "mail.static.vnpt.vn", "owa.arcadyan.com", "mail.owa.arcadyan.com", "smtphb.arcadyan.com.tw", "mail.smtphb.arcadyan.com.tw", "mail.aprotech.com.vn", "mail.aprotech.com.vn", "AutoDiscover.aprotech.com.vn", "mail.AutoDiscover.aprotech.com.vn", "aprotech.com.vn", "mail.aprotech.com.vn", "vnms01.aprotech.com.vn", "mail.vnms01.aprotech.com.vn", "mail.sonha.com.vn", "smtp.sonha.com.vn", "mail.smtp.sonha.com.vn", "sonha.com.vn", "mail.sonha.com.vn", "mail.lacviet.com.vn", "webmail.lacviet.com.vn", "mail.webmail.lacviet.com.vn", "lacviet.com.vn", "mail.lacviet.com.vn", "mail.als.com.vn", "als.com.vn", "mail.als.com.vn", "mx3.als.com.vn", "mail.mx3.als.com.vn", "mail.code88.asia", "code88.asia", "mail.code88.asia", "mail.code88.asia", "mail.hyperlogy.com", "hyperlogy.com", "mail.hyperlogy.com", "mail.ttkd6.com", "AutoDiscover.ttkd6.com", "mail.AutoDiscover.ttkd6.com", "mail.ttkd6.com", "ttkd6.com", "mail.ttkd6.com", "mail01.ttkd6.com", "mail.vntrade.vn", "mail.vnpt.vn", "vntrade.vn", "mail.vntrade.vn", "static.vnpt.vn", "mail.static.vnpt.vn"]
